ts	phase	decision	why	evidence	result
2026-08-29T23:31:33Z	grounding	traced encryption from the setup form through app state to the SAML response builder	the existing code fixed both the XML URI and AES key length at AES-256-GCM, so selection crossed storage, UI, and runtime	git show HEAD:internal/web/saml_encrypt.go; internal/web/saml.go:144	found one end-to-end setting to model
2026-08-29T23:31:34Z	design	chose a string-backed app setting with a private registry for URI and key length	it fits existing state patterns and keeps XML wire details out of core	/private/tmp/scimtest-architect-synthesis.md	candidate B selected; candidate A test plan grafted
2026-08-29T23:31:34Z	coordination	kept the concurrent in-scope implementation and reviewed it as the starting point	workspace instructions require preserving concurrent work, and the edits matched the requested feature	/Users/rselbach/.codex/sessions/2026/08/29/rollout-2026-08-29T18-57-36-01a04fbe-2342-7b31-b8b2-3a6c09152722.jsonl	partial implementation retained and completed
2026-08-29T23:31:34Z	persistence	stored the selected token in app JSON and SQLite schema version 2 with AES-256-GCM defaults	old apps and backups must preserve the behavior they had before algorithm selection existed	internal/core/state_models.go:167; internal/core/state.go:612; internal/core/state.go:778; internal/core/state_test.go:1402	old rows migrate to AES-256-GCM
2026-08-29T23:31:34Z	runtime	used one AES-GCM function for all three algorithms and kept RSA-OAEP unchanged	the algorithms differ only by XML URI and 16, 24, or 32 byte document-key length	internal/web/saml_encrypt.go:38; internal/web/saml_encrypt.go:71; internal/web/saml_encrypt.go:102	all choices share one encryption path
2026-08-29T23:31:34Z	setup	added the algorithm selector and preserved its value through save and validation-error redisplay	users need an explicit per-app choice without changing plaintext behavior when no certificate is present	internal/web/templates/index.html:860; internal/web/app_form.go:84; internal/web/web.go:2065	AES-256-GCM is selected by default
2026-08-29T23:31:35Z	verification	added table tests that unwrap each AES key, decrypt the assertion, and validate its signature	checking XML text alone would not prove that the selected key size can decrypt a valid signed assertion	internal/web/saml_encrypt_test.go:95; internal/core/state_test.go:1402; internal/web/web_test.go:2960	all three algorithms pass round-trip and persistence tests
2026-08-29T23:31:35Z	review	accepted the no-comments review and removed narration while keeping the wire-format comment	only the iv, ciphertext, and tag layout explains an interoperability constraint the code cannot make obvious	internal/web/saml_encrypt.go:85; internal/core/state.go:44	four narration lines removed and two Godoc comments clarified
2026-08-29T23:31:35Z	final checks	ran the full tests, focused uncached tests, lint, build, and diff whitespace check	the feature touches cryptography, database migration, and form handling, so each path needed a direct check	/Users/rselbach/.codex/sessions/2026/08/29/rollout-2026-08-29T18-57-36-01a04fbe-2342-7b31-b8b2-3a6c09152722.jsonl	just test, just build, focused tests, golangci-lint, and git diff --check passed
2026-08-29T23:32:28Z	audit	superseded the coordination row's transcript pointer	the first pointer resolved to an older run in the same workspace and did not prove the claim	/Users/rselbach/.codex/sessions/2026/08/29/rollout-2026-08-29T19-06-13-01a04fc6-07ec-7951-bc56-b7871b70798c.jsonl	coordination evidence corrected
2026-08-29T23:32:28Z	audit	superseded the final-checks row's transcript pointer	the first pointer resolved but did not contain this run's test, lint, and build commands	/Users/rselbach/.codex/sessions/2026/08/29/rollout-2026-08-29T19-06-13-01a04fc6-07ec-7951-bc56-b7871b70798c.jsonl	verification evidence corrected
2026-08-29T23:32:53Z	audit	superseded the runtime row's source lines	the original third line ended an error branch and did not show key generation or RSA wrapping	internal/web/saml_encrypt.go:38; internal/web/saml_encrypt.go:109; internal/web/saml_encrypt.go:117; internal/web/saml_encrypt.go:189	runtime evidence corrected
2026-08-29T23:32:53Z	audit	superseded the setup row's default-value evidence	the original lines showed submission and redisplay but not the new-form default	internal/web/templates/index.html:860; internal/web/app_form.go:84; internal/web/web.go:2065; internal/web/web.go:2620	setup evidence corrected
2026-08-29T23:32:53Z	audit	superseded the review row's wire-comment line	the original pointer landed on the blank line before the kept comment	internal/web/saml_encrypt.go:86; internal/core/state.go:44; internal/core/state.go:48	review evidence corrected
2026-08-29T23:34:29Z	audit	superseded the runtime row's RSA-OAEP pointer	cross-model review found that line 189 showed AES-GCM buffer allocation rather than key wrapping	internal/web/saml_encrypt.go:38; internal/web/saml_encrypt.go:117; internal/web/saml_encrypt.go:125; internal/web/saml_encrypt.go:194	runtime evidence now covers the registry, key size, and RSA-OAEP
2026-08-29T23:34:30Z	audit	superseded the review row's evidence with the run transcript	current source proves the final comments but only the transcript proves the review finding and accepted edit count	/Users/rselbach/.codex/sessions/2026/08/29/rollout-2026-08-29T19-06-13-01a04fc6-07ec-7951-bc56-b7871b70798c.jsonl; internal/web/saml_encrypt.go:86; internal/core/state.go:44; internal/core/state.go:48	review decision and resulting comments both evidenced
